id,group,time,score
1,Control,t1,2.660891554
2,Control,t1,2.277514095
3,Control,t1,
4,Control,t1,3.138364443
5,Control,t1,2.954553401
6,Control,t1,2.954360959
7,Control,t1,2.996277826
8,Control,t1,2.727263838
1,EcN,t1,2.924586802
2,EcN,t1,3.122781731
3,EcN,t1,3.111255623
4,EcN,t1,2.968415464
5,EcN,t1,2.854187582
6,EcN,t1,3.422802339
7,EcN,t1,2.983220666
8,EcN,t1,3.222532702
