id,group,time,score
1,Control,t2,-0.886056648
2,Control,t2,-0.886056648
3,Control,t2,
4,Control,t2,-0.823908741
5,Control,t2,-1.036212173
6,Control,t2,-0.795880017
7,Control,t2,
8,Control,t2,-1
1,EcN,t2,-0.853871964
2,EcN,t2,-0.657577319
3,EcN,t2,-0.853871964
4,EcN,t2,-0.823908741
5,EcN,t2,-0.823908741
6,EcN,t2,-0.886056648
7,EcN,t2,
8,EcN,t2,-0.721246399
