id,group,time,score
1,Control,t3,0.838219222
2,Control,t3,1.133538908
3,Control,t3,1.414973348
4,Control,t3,1.515873844
5,Control,t3,1.235528447
6,Control,t3,1.184691431
7,Control,t3,1.307496038
8,Control,t3,1.40654018
1,EcN,t3,1.230448921
2,EcN,t3,1.394451681
3,EcN,t3,1.227886705
4,EcN,t3,1.5132176
5,EcN,t3,1.503790683
6,EcN,t3,1.537819095
7,EcN,t3,1.613841822
8,EcN,t3,1.475671188
