id,group,time,score
1,Control,t4,1.008600172
2,Control,t4,1.67669361
3,Control,t4,1.584331224
4,Control,t4,1.499687083
5,Control,t4,1.318063335
6,Control,t4,1.120573931
7,Control,t4,1.214843848
8,Control,t4,1.056904851
1,EcN,t4,1.240549248
2,EcN,t4,1.201397124
3,EcN,t4,1.359835482
4,EcN,t4,1.1430148
5,EcN,t4,0.694605199
6,EcN,t4,1.45331834
7,EcN,t4,0.489958479
8,EcN,t4,0.959994838
