id,group,time,score
1,Control,t3,2.071882007
2,Control,t3,1.94792362
3,Control,t3,2.096910013
4,Control,t3,2.071882007
5,Control,t3,2.164352856
6,Control,t3,2.071882007
7,Control,t3,2.029383778
8,Control,t3,1.989894564
1,EcN,t3,2.071882007
2,EcN,t3,2.155336037
3,EcN,t3,2.017033339
4,EcN,t3,2.012837225
5,EcN,t3,2.012837225
6,EcN,t3,1.94792362
7,EcN,t3,1.833147112
8,EcN,t3,1.741939078
