id,group,time,score
1,Control,t3,1.033423755
2,Control,t3,1.127104798
3,Control,t3,1.06069784
4,Control,t3,1.139879086
5,Control,t3,1.250420002
6,Control,t3,1.071882007
7,Control,t3,1.164352856
8,Control,t3,0.894316063
1,EcN,t3,1.086359831
2,EcN,t3,0.989449818
3,EcN,t3,1.152288344
4,EcN,t3,0.720985744
5,EcN,t3,0.387389826
6,EcN,t3,1.123851641
7,EcN,t3,0.522444234
8,EcN,t3,0.356025857
