id,group,time,score
1,Control,t1,0.901458321
2,Control,t1,1.056904851
3,Control,t1,1.06069784
4,Control,t1,1.029383778
5,Control,t1,0.575187845
6,Control,t1,0.636487896
7,Control,t1,0.824776462
8,Control,t1,0.762678564
1,EcN,t1,
2,EcN,t1,1.079181246
3,EcN,t1,1.06069784
4,EcN,t1,0.882524538
5,EcN,t1,1.068185862
6,EcN,t1,1.08278537
7,EcN,t1,1.130333768
8,EcN,t1,1.167317335
