id,group,time,score
1,Control,t1,2.047027463
2,Control,t1,2.077229781
3,Control,t1,1.641117009
4,Control,t1,1.785066331
5,Control,t1,1.470204615
6,Control,t1,2.002373436
7,Control,t1,1.842921121
8,Control,t1,2.002373436
1,EcN,t1,1.998516525
2,EcN,t1,1.74824231
3,EcN,t1,1.735015723
4,EcN,t1,1.955906526
5,EcN,t1,1.818918364
6,EcN,t1,2.189834076
7,EcN,t1,1.96585289
8,EcN,t1,1.983400738
1,Control,t2,2.220953615
2,Control,t2,2.283964604
3,Control,t2,1.975270929
4,Control,t2,2.08492286
5,Control,t2,1.863194933
6,Control,t2,1.992867086
7,Control,t2,1.77901536
8,Control,t2,1.94724006
1,EcN,t2,2.102044175
2,EcN,t2,2.021840253
3,EcN,t2,1.856139566
4,EcN,t2,1.345197232
5,EcN,t2,2.092187096
6,EcN,t2,2.026670109
7,EcN,t2,1.807088327
8,EcN,t2,2.144223829
1,Control,t3,1.760946186
2,Control,t3,1.757346674
3,Control,t3,1.98926734
4,Control,t3,2.589887635
5,Control,t3,1.971975909
6,Control,t3,2.392331078
7,Control,t3,2.039806592
8,Control,t3,2.214072556
1,EcN,t3,1.727480256
2,EcN,t3,1.768186555
3,EcN,t3,2.211847763
4,EcN,t3,2.330925898
5,EcN,t3,2.223904603
6,EcN,t3,2.407949773
7,EcN,t3,2.223904603
8,EcN,t3,2.407949773
